{
  "Request_8801969237055_2468Sqa@@" : {
    "transaction" : "Request_8801969237055_2468Sqa@@",
    "sampleCount" : 1,
    "errorCount" : 0,
    "errorPct" : 0.0,
    "meanResTime" : 354.0,
    "medianResTime" : 354.0,
    "minResTime" : 354.0,
    "maxResTime" : 354.0,
    "pct1ResTime" : 354.0,
    "pct2ResTime" : 354.0,
    "pct3ResTime" : 354.0,
    "throughput" : 2.824858757062147,
    "receivedKBytesPerSec" : 0.0,
    "sentKBytesPerSec" : 0.0
  },
  "Request_8801675249699_249699" : {
    "transaction" : "Request_8801675249699_249699",
    "sampleCount" : 1,
    "errorCount" : 0,
    "errorPct" : 0.0,
    "meanResTime" : 293.0,
    "medianResTime" : 293.0,
    "minResTime" : 293.0,
    "maxResTime" : 293.0,
    "pct1ResTime" : 293.0,
    "pct2ResTime" : 293.0,
    "pct3ResTime" : 293.0,
    "throughput" : 3.4129692832764507,
    "receivedKBytesPerSec" : 0.0,
    "sentKBytesPerSec" : 0.0
  },
  "Test" : {
    "transaction" : "Test",
    "sampleCount" : 5,
    "errorCount" : 1,
    "errorPct" : 20.0,
    "meanResTime" : 483.6,
    "medianResTime" : 486.0,
    "minResTime" : 427.0,
    "maxResTime" : 525.0,
    "pct1ResTime" : 525.0,
    "pct2ResTime" : 525.0,
    "pct3ResTime" : 525.0,
    "throughput" : 3.8729666924864445,
    "receivedKBytesPerSec" : 4.9924961270333075,
    "sentKBytesPerSec" : 2.5333135650658405
  },
  "Request_8801629889679_pppppp" : {
    "transaction" : "Request_8801629889679_pppppp",
    "sampleCount" : 1,
    "errorCount" : 0,
    "errorPct" : 0.0,
    "meanResTime" : 309.0,
    "medianResTime" : 309.0,
    "minResTime" : 309.0,
    "maxResTime" : 309.0,
    "pct1ResTime" : 309.0,
    "pct2ResTime" : 309.0,
    "pct3ResTime" : 309.0,
    "throughput" : 3.236245954692557,
    "receivedKBytesPerSec" : 0.0,
    "sentKBytesPerSec" : 0.0
  },
  "Total" : {
    "transaction" : "Total",
    "sampleCount" : 9,
    "errorCount" : 1,
    "errorPct" : 11.111111,
    "meanResTime" : 355.77777777777777,
    "medianResTime" : 354.0,
    "minResTime" : 141.0,
    "maxResTime" : 495.0,
    "pct1ResTime" : 495.0,
    "pct2ResTime" : 495.0,
    "pct3ResTime" : 495.0,
    "throughput" : 0.5405730073878312,
    "receivedKBytesPerSec" : 0.2956258634152201,
    "sentKBytesPerSec" : 0.1568459442008529
  },
  "Request_8801746273268_123456" : {
    "transaction" : "Request_8801746273268_123456",
    "sampleCount" : 1,
    "errorCount" : 0,
    "errorPct" : 0.0,
    "meanResTime" : 141.0,
    "medianResTime" : 141.0,
    "minResTime" : 141.0,
    "maxResTime" : 141.0,
    "pct1ResTime" : 141.0,
    "pct2ResTime" : 141.0,
    "pct3ResTime" : 141.0,
    "throughput" : 7.092198581560283,
    "receivedKBytesPerSec" : 0.0,
    "sentKBytesPerSec" : 0.0
  },
  "https://redgrocer.com/login" : {
    "transaction" : "https://redgrocer.com/login",
    "sampleCount" : 4,
    "errorCount" : 1,
    "errorPct" : 25.0,
    "meanResTime" : 473.25,
    "medianResTime" : 485.5,
    "minResTime" : 427.0,
    "maxResTime" : 495.0,
    "pct1ResTime" : 495.0,
    "pct2ResTime" : 495.0,
    "pct3ResTime" : 495.0,
    "throughput" : 0.24806201550387597,
    "receivedKBytesPerSec" : 0.30523255813953487,
    "sentKBytesPerSec" : 0.16194282945736435
  },
  "Request_8801521428851_porosh09" : {
    "transaction" : "Request_8801521428851_porosh09",
    "sampleCount" : 1,
    "errorCount" : 0,
    "errorPct" : 0.0,
    "meanResTime" : 212.0,
    "medianResTime" : 212.0,
    "minResTime" : 212.0,
    "maxResTime" : 212.0,
    "pct1ResTime" : 212.0,
    "pct2ResTime" : 212.0,
    "pct3ResTime" : 212.0,
    "throughput" : 4.716981132075471,
    "receivedKBytesPerSec" : 0.0,
    "sentKBytesPerSec" : 0.0
  }
}